,Sector,open,close,high,low,volume
1,TECHNOLOGY,73.75985925,73.7855875,145.09,6.14,26564664.765
